"0","library(randomForest)"
"0","# Load necessary library"
"0","library(randomForest)"
"0",""
"0","# Assuming df is your DataFrame and it includes your features and target variables"
"0","features <- df[,c('Population', 'GDP')]"
"0","targets <- df[,c('Birth Rate', 'Fertility Rate', 'Infant mortality', 'Maternal mortality ratio')]"
"0",""
"0","# Handle missing values in features and targets"
"0","features[] <- lapply(features, function(feature) {"
"0","  ifelse(is.na(feature), mean(feature, na.rm = TRUE), feature)"
"0","})"
"2","Warning: argument is not numeric or logical: returning NA"
"0","targets[] <- lapply(targets, function(target) {"
"0","  ifelse(is.na(target), mean(target, na.rm = TRUE), target)"
"0","})"
"0",""
"0","# Combine features and targets into a single data frame"
"0","data <- cbind(features, targets)"
"0",""
"0","# Fit the model for each target variable"
"0","models <- lapply(names(targets), function(target_name) {"
"0","  # Split the data into training and testing sets"
"0","  set.seed(42)"
"0","  train_indices <- sample(1:nrow(data), nrow(data)*0.8)"
"0","  train_data <- data[train_indices, ]"
"0","  "
"0","  # Fit the model"
"0","  model <- randomForest(as.formula(paste(""`"", target_name, ""` ~ ."", sep = """")), data = train_data, ntree = 100, na.action = na.omit)"
"0","  "
"0","  return(model)"
"0","})"
"2","Error in eval(predvars, data, env) : object 'Fertility Rate' not found
"
